{"lastPos":{"x":105.65929412841797,"y":-6.0,"z":196.5931396484375},"lastScale":{"x":132.0,"y":132.0,"z":132.0},"lastRot":{"x":0.0,"y":-0.04009398818016052,"z":0.0,"w":0.99919593334198},"thisTransform":{"instanceID":13266},"str":0,"agi":0,"intel":0}
