{"lastPos":{"x":21.929262161254884,"y":48.0,"z":189.86273193359376},"lastScale":{"x":48.0,"y":48.0,"z":48.0},"lastRot":{"x":0.0,"y":-0.04009398818016052,"z":0.0,"w":0.99919593334198},"thisTransform":{"instanceID":13266},"str":0,"agi":0,"intel":0}
